NAME,STATUS,SKILLLEVEL
"Hayden, Blake",Inactive,Manager
"McMahon, Leroy",Inactive,Intern
"Wall, Belen",Inactive,ZZZ Old
"Ward, Issac",Active,Associate
"Orozco, Ariana",Inactive,ZZZ Old
"Rodgers, Keanu",Inactive,ZZZ Old
"Mack, Selah",Inactive,Partner
"Powers, Esteban",Inactive,ZZZ Old
"Austin, Michelle",Inactive,Senior
"McCann, Omar",Inactive,ZZZ Old
"Gutierrez, Joyce",Active,Associate
"Rush, Luca",Active,Intern
"Andrade, Maleah",Inactive,Manager
"Decker, Abdiel",Inactive,ZZZ Old
"Boyd, Aleena",Inactive,Paraprofessional
"Boyd, Dean",Inactive,ZZZ Old
"Marks, Georgia",Inactive,Associate
"Webster, Amos",Inactive,ZZZ Old
"Morrow, Kensley",Inactive,ZZZ Old
"Lugo, Kyree",Active,Manager
"Elliott, Kaylie",Inactive,Associate
"Trujillo, Blake",Inactive,ZZZ Old
"Wagner, Danielle",Inactive,ZZZ Old
"Curry, Enzo",Active,Retired Partner
"Morton, Alison",Inactive,Associate
"Stokes, Roland",Inactive,ZZZ Old
"Montgomery, Miranda",Inactive,Admin
"Tanner, Maximiliano",Inactive,Supervisor
"Conway, Harmoni",Inactive,ZZZ Old
"Meyer, Orlando",Inactive,Associate
"Cummings, Sara",Active,Partner
"Mills, Raiden",Inactive,Associate
"Proctor, June",Inactive,
"Hoover, Vance",Active,Associate
"McConnell, Virginia",Inactive,ZZZ Old
"Moran, London",Active,Associate
"Harrington, Celeste",Active,Retired Partner
"Elliott, Omari",Inactive,ZZZ Old
"Tran, Noelle",Inactive,Admin
"Kim, Braxton",Inactive,ZZZ Old
"Whitaker, Gabriella",Inactive,ZZZ Old
"Mitchell, Keith",Inactive,Intern
"Briggs, Willow",Inactive,ZZZ Old
"McCann, Case",Inactive,ZZZ Old
"Williams, Joyce",Inactive,Intern
"Frazier, Oliver",Inactive,Intern
"Cisneros, Octavia",Inactive,Intern
"Olsen, Alden",Inactive,Intern
"Holt, Oaklyn",Active,Supervisor
"Austin, Niko",Inactive,ZZZ Old
"Rich, Alivia",Inactive,Manager
"Terry, Miller",Inactive,ZZZ Old
"Foster, Wren",Inactive,Paraprofessional
"Powell, Kayden",Inactive,ZZZ Old
"McIntyre, Vivian",Inactive,Associate
"Brennan, Eliseo",Inactive,Admin
"Warren, Elodie",Inactive,Admin
"Portillo, Abel",Inactive,Supervisor
"Potter, Nathalie",Inactive,Supervisor
"Leon, Lucca",Active,Intern
"Bishop, Amora",Inactive,Intern
"Rasmussen, Paxton",Inactive,ZZZ Old
"Morrow, Esperanza",Active,Director
"Owens, Kyree",Inactive,ZZZ Old
"Dorsey, Amaya",Inactive,ZZZ Old
"Cameron, Enoch",Inactive,Admin
"Golden, Julie",Inactive,Associate
"Phillips, Amias",Inactive,ZZZ Old
"Keller, Naomi",Inactive,ZZZ Old
"Henson, Nico",Inactive,ZZZ Old
"Vincent, Kinslee",Inactive,Paraprofessional
"Villarreal, Aarav",Inactive,Intern
"Person, Jazlyn",Inactive,Intern
"Hendricks, Moses",Inactive,Senior
"Mendoza, Dani",Inactive,Intern
"Dejesus, Dominic",Inactive,Partner
"Newman, Julissa",Inactive,ZZZ Old
"Browning, Anderson",Inactive,Intern
"Wilcox, Princess",Inactive,Associate
"Howe, Jerry",Active,Partner
"Gray, Persephone",Inactive,ZZZ Old
"Dennis, Nicholas",Active,Manager
"Tapia, Maisie",Active,Partner
"Rice, Samir",Inactive,Supervisor
"Monroe, Ada",Inactive,ZZZ Old
"Rosario, Colby",Inactive,ZZZ Old
"Pacheco, Louisa",Active,Senior
"Moyer, Erik",Inactive,Intern
"McIntosh, Zola",Inactive,ZZZ Old
"Snyder, Kristian",Inactive,ZZZ Old
"Rowland, Callie",Inactive,Intern
"Leal, Eliezer",Inactive,Paraprofessional
"Olsen, Murphy",Active,Manager
"Ventura, Skyler",Inactive,ZZZ Old
"Cruz, Zora",Inactive,Associate
"Phelps, Ryan",Inactive,ZZZ Old
"Williams, Laney",Inactive,ZZZ Old
"Carr, Oliver",Inactive,Supervisor
Intern,Active,Intern
"Roberts, Rowan",Inactive,Associate
"Clayton, Josiah",Inactive,IT
"Crosby, Saige",Inactive,ZZZ Old
"Sanchez, Tristen",Inactive,ZZZ Old
"Ellison, Aria",Inactive,ZZZ Old
"Browning, Kye",Inactive,ZZZ Old
"Bryan, Princess",Inactive,Supervisor
"Horn, Jaxtyn",Inactive,Intern
"Brooks, Avah",Inactive,ZZZ Old
"Proctor, Jordan",Inactive,Admin
"Perez, Chandler",Inactive,ZZZ Old
"Newman, Owen",Active,Associate
"Simmons, Oaklynn",Inactive,ZZZ Old
"Love, Harrison",Active,Partner
"West, Avianna",Inactive,Associate
"Small, Diego",Active,Senior
"Huerta, Zaria",Inactive,Admin
"McClain, Douglas",Inactive,Associate
"Ashley, Marleigh",Inactive,ZZZ Old
"Cummings, Kylen",Inactive,Intern
"Dalton, Nylah",Inactive,Intern
"Whitney, Fletcher",Inactive,Intern
"Randall, Madalynn",Inactive,ZZZ Old
"Munoz, Trenton",Inactive,ZZZ Old
"Stewart, Kehlani",Inactive,Intern
"Castro, Nolan",Inactive,ZZZ Old
"Montoya, Eloise",Inactive,Associate
"McKee, Ford",Inactive,ZZZ Old
"Gray, Kori",Active,Partner
"Marshall, Nicholas",Inactive,ZZZ Old
"Hartman, Adalyn",Inactive,Intern
"Vincent, Baker",Active,Admin
"Riley, Allyson",Inactive,Intern
"Schwartz, Amari",Active,Senior
"Reeves, Lilliana",Inactive,ZZZ Old
"Duarte, Clark",Inactive,ZZZ Old
"Shepherd, Kynlee",Inactive,Supervisor
"Benjamin, Ronald",Inactive,ZZZ Old
"Atkinson, Jianna",Inactive,
"Page, Duke",Inactive,ZZZ Old
"Harrison, Cataleya",Inactive,ZZZ Old
"Russell, Gavin",Inactive,Associate
"Carson, Raelynn",Inactive,ZZZ Old
"Brady, Ares",Active,Director
"Berg, Ryan",Active,Manager
"Paul, Cayson",Inactive,Associate
"Ramos, Daphne",Inactive,Intern
"Duran, Angel",Active,Partner
"Duffy, Willa",Inactive,ZZZ Old
"Wilkins, Kyng",Active,Retired Partner
"Cherry, Amalia",Inactive,ZZZ Old
"Becker, Rome",Inactive,Associate
"Rich, Laura",Active,Associate
"Singh, Miller",Active,Supervisor
"Parra, Vivienne",Inactive,ZZZ Old
"Gibson, Davion",Inactive,Retired Partner
"Cisneros, Eden",Inactive,ZZZ Old
"Barrett, Alden",Inactive,Intern
"Pitts, Kendall",Inactive,ZZZ Old
"Lucas, Trey",Inactive,Intern
"Bailey, Phoenix",Inactive,Paraprofessional
"Bowen, Axel",Inactive,Senior
"Ibarra, Dream",Active,Supervisor
"Gardner, Asa",Active,Partner
"Leach, Jordyn",Inactive,
"Wells, Westin",Active,Paraprofessional
"Middleton, Cecilia",Active,Director
"Lawson, Misael",Inactive,ZZZ Old
"Phelps, Phoebe",Inactive,ZZZ Old
"Carlson, Hamza",Active,Admin
"Pitts, Kali",Active,Admin
"Osborne, Trey",Inactive,Admin
"Novak, Shelby",Active,Senior
"Ingram, Bishop",Active,Associate
"Burnett, Katie",Active,Admin
"Leon, Davis",Inactive,Senior
"Avila, Amora",Inactive,Intern
"Richards, Jaylen",Inactive,Supervisor
"Zamora, Trinity",Inactive,Associate
"Camacho, Quentin",Inactive,ZZZ Old
"Booth, Armani",Active,Admin
"Williams, Chaim",Inactive,Intern
"Bentley, Ava",Inactive,Intern
"Peterson, Randy",Inactive,Senior
"Pittman, Caroline",Inactive,ZZZ Old
"Fletcher, Valentino",Inactive,ZZZ Old
"Rodriguez, Anaya",Inactive,Senior
"Brewer, Henry",Inactive,Intern
"George, Thea",Inactive,ZZZ Old
"Curtis, Mark",Active,Paraprofessional
"Flynn, Alexis",Inactive,Associate
"Montoya, Kannon",Inactive,ZZZ Old
"Baldwin, Kamryn",Inactive,ZZZ Old
"Lozano, Jaiden",Inactive,Senior
"McIntosh, Cecelia",Active,Intern
"Cortez, Kristian",Inactive,Intern
"Williams, Haven",Inactive,ZZZ Old
"Jaramillo, Oliver",Inactive,Admin
"Romero, Guadalupe",Active,Senior
"Brandt, Bryson",Active,Admin
"Villanueva, Loretta",Active,Director
"Long, Huxley",Inactive,ZZZ Old
"Oâ€™Donnell, Jade",Inactive,Intern
"Pineda, Lian",Inactive,ZZZ Old
"Reynolds, Nola",Inactive,ZZZ Old
"Romero, Vincent",Inactive,ZZZ Old
"Hurley, Eliza",Inactive,ZZZ Old
"Robertson, Van",Inactive,ZZZ Old
"Crosby, Harmony",Inactive,Senior
"Gregory, Tristen",Inactive,Intern
"Daniels, Alaya",Inactive,IT
"Lawson, Xander",Inactive,ZZZ Old
"Meyer, Phoebe",Inactive,ZZZ Old
"Barry, Tristan",Inactive,Intern
"Chung, Waverly",Inactive,Associate
"Alexander, Ira",Inactive,ZZZ Old
"Chen, Lyla",Active,Senior
"Pierce, Emmanuel",Inactive,Senior
"Harrell, Arabella",Inactive,Intern
"McCall, Nelson",Active,Senior
"Vo, Kai",Inactive,ZZZ Old
"Morrow, Gordon",Active,Manager
"Leblanc, Reyna",Inactive,ZZZ Old
"Hubbard, Braden",Active,Partner
"Macdonald, Rosie",Inactive,Admin
"Carey, Hugh",Inactive,ZZZ Old
"Blanchard, Alora",Inactive,Senior
"Rhodes, Adler",Inactive,ZZZ Old
"Lester, Tatum",Inactive,Intern
"Cano, Lee",Inactive,ZZZ Old
"Travis, Eve",Active,Associate
"Leon, Egypt",Inactive,Senior
"Krueger, Marshall",Inactive,Intern
"Cantrell, Kamari",Inactive,Associate
"Bravo, Harris",Inactive,ZZZ Old
"Faulkner, Amoura",Inactive,ZZZ Old
"McKay, Jabari",Inactive,ZZZ Old
"Dillon, Leanna",Inactive,Intern
"Hodges, Alvin",Inactive,Admin
"Bowen, Willie",Active,IT
"Hensley, Dream",Inactive,ZZZ Old
"Ibarra, Layne",Inactive,Supervisor
"Thornton, Madilynn",Active,Manager
